,Time,Username,Password,Message
0,2024-05-23 12:28:19,sdsfd,sdffds,Usuario no identificado
1,2024-05-23 12:28:52,sdfsd,sdsdf,Usuario no identificado
2,2024-05-23 12:32:50,asdds,asdas,Usuario no identificado
3,2024-05-23 12:36:53,ewew,werewr,Usuario no identificado
4,2024-05-25 11:13:35,adas,aasdassd,Usuario no identificado
5,2024-05-25 12:19:19,acaas,ascasc,Usuario no identificado
6,2024-05-25 12:19:35,acaasasd,ascascdsad,Usuario no identificado
7,2024-05-25 13:19:39,ssd,sds,Usuario no identificado
8,2024-05-25 13:20:08,sdsd,sdsds,Usuario no identificado
9,2024-05-25 13:25:21,sdsd,sds,Usuario no identificado
10,2024-05-25 14:23:59,sdsd,sdslj,Usuario no identificado
11,2024-05-25 14:24:14,j,kk,Usuario no identificado
12,2024-05-25 14:24:55,kjlkjl,jyjhkhk,Usuario no identificado
